Model,MSE,RMSE,MAE,MAPE
Linear Regression,6183.142165168608,78.6329585172058,67.5902174711495,40.904332343056176
Random Forest,0.11659584594132169,0.3414613388676992,0.2115543880578725,0.14714436894288085
SVM,151037088.18024948,12289.714731443097,12287.413180281857,6489.940218768181
LSTM,50773.15199965699,225.32898615059935,173.80707300088622,93.11673182734181
